contract_id,contract_name,organization_type,overall_star_rating,bonus_status
H0028 ,"CHA HMO, INC. ",Local CCP ,4.0,Bonus Eligible
H0074 ,"WELLCARE OF MISSISSIPPI, INC. ",Local CCP ,2.5,Below Threshold
H0088 ,"WELLCARE HEALTH INSURANCE OF NEW YORK, INC. ",Local CCP ,2.0,Below Threshold
H0104 ,BLUE CROSS AND BLUE SHIELD OF ALABAMA ,Local CCP ,4.0,Bonus Eligible
H0107 ,HEALTH CARE SERVICE CORPORATION ,Local CCP ,3.5,Near Bonus
H0111 ,"WELLCARE OF GEORGIA, INC. ",Local CCP ,2.5,Below Threshold
H0154 ,"VIVA HEALTH, INC. ",Local CCP ,5.0,Bonus Eligible
H0169 ,"UNITEDHEALTHCARE OF WISCONSIN, INC. ",Local CCP ,5.0,Bonus Eligible
H0174 ,"WELLCARE OF TEXAS, INC. ",Local CCP ,3.0,Below Threshold
H0251 ,"UNITEDHEALTHCARE PLAN OF THE RIVER VALLEY, INC. ",Local CCP ,4.0,Bonus Eligible
H0270 ,WELLCARE HEALTH INSURANCE COMPANY OF AMERICA ,Local CCP ,3.0,Below Threshold
H0271 ,CARE IMPROVEMENT PLUS SOUTH CENTRAL INSURANCE CO. ,Local CCP ,4.0,Bonus Eligible
H0292 ,"HUMANA HEALTH PLAN OF OHIO, INC. ",Local CCP ,5.0,Bonus Eligible
H0294 ,UNITEDHEALTHCARE INSURANCE COMPANY ,Local CCP ,3.5,Near Bonus
H0302 ,"MEDISUN, INC. ",Local CCP ,4.0,Bonus Eligible
H0321 ,"ARIZONA PHYSICIANS IPA, INC. ",Local CCP ,3.5,Near Bonus
H0332 ,"KS PLAN ADMINISTRATORS, LLC ",Local CCP ,5.0,Bonus Eligible
H0351 ,"HEALTH NET OF ARIZONA, INC. ",Local CCP ,3.0,Below Threshold
H0354 ,"CIGNA HEALTHCARE OF ARIZONA, INC. ",Local CCP ,4.0,Bonus Eligible
H0422 ,"UCARE HEALTH, INC. ",Local CCP ,3.5,Near Bonus
H0423 ,"METROPLUS HEALTH PLAN, INC. ",Local CCP ,3.5,Near Bonus
H0432 ,"UNITEDHEALTHCARE OF THE MIDLANDS, INC. ",Local CCP ,4.0,Bonus Eligible
H0439 ,"CIGNA HEALTHCARE OF GEORGIA, INC. ",Local CCP ,4.0,Bonus Eligible
H0473 ,HUMANA INSURANCE COMPANY OF KENTUCKY ,Local CCP ,3.5,Near Bonus
H0482 ,CENTENE VENTURE COMPANY MICHIGAN ,Local CCP ,3.0,Below Threshold
H0504 ,CALIFORNIA PHYSICIANS' SERVICE ,Local CCP ,3.5,Near Bonus
H0523 ,AETNA HEALTH OF CALIFORNIA INC. ,Local CCP ,3.0,Below Threshold
H0524 ,"KAISER FOUNDATION HP, INC. ",Local CCP ,4.0,Bonus Eligible
H0543 ,UHC OF CALIFORNIA ,Local CCP ,3.5,Near Bonus
H0544 ,BLUE CROSS OF CALIFORNIA ,Local CCP ,3.0,Below Threshold
H0562 ,"HEALTH NET OF CALIFORNIA, INC. ",Local CCP ,3.0,Below Threshold
H0571 ,CHINESE COMMUNITY HEALTH PLAN ,Local CCP ,3.0,Below Threshold
H0609 ,"UnitedHealthcare Benefits of Texas, Inc. ",Local CCP ,4.5,Bonus Eligible
H0624 ,"UnitedHealthcare Benefits of Texas, Inc. ",Local CCP ,4.0,Bonus Eligible
H0628 ,AETNA HEALTH OF OHIO INC. ,Local CCP ,4.0,Bonus Eligible
H0630 ,KAISER FOUNDATION HP OF CO ,Local CCP ,4.5,Bonus Eligible
H0672 ,"CIGNA HEALTHCARE OF COLORADO, INC. ",Local CCP ,3.0,Below Threshold
H0710 ,CARE IMPROVEMENT PLUS SOUTH CENTRAL INSURANCE CO. ,Local CCP ,5.0,Bonus Eligible
H0712 ,"WELLCARE OF CONNECTICUT, INC. ",Local CCP ,3.5,Near Bonus
H0724 ,"BUCKEYE HEALTH PLAN COMMUNITY SOLUTIONS, Inc. ",Local CCP ,3.0,Below Threshold
H1468 ,"HUMANA BENEFIT PLAN OF ILLINOIS, INC. ",Local CCP ,4.5,Bonus Eligible
H0755 ,CARE IMPROVEMENT PLUS SOUTH CENTRAL INSURANCE CO. ,Local CCP ,3.5,Near Bonus
H0838 ,"UNIVERSAL CARE, INC. ",Local CCP ,2.5,Below Threshold
H0885 ,HEALTHIER NEW JERSEY INSURANCE COMPANY ,Local CCP ,3.5,Near Bonus
H0907 ,"AMERIGROUP IOWA, INC. ",Local CCP ,3.5,Near Bonus
H0908 ,"BUCKEYE COMMUNITY HEALTH PLAN, INC. ",Local CCP ,2.5,Below Threshold
H0913 ,"WELLCARE HEALTH PLANS OF NEW JERSEY, INC. ",Local CCP ,3.5,Near Bonus
H0969 ,WELLCARE HEALTH INSURANCE COMPANY OF NEW HAMPSHIRE ,Local CCP ,3.0,Below Threshold
H0978 ,"SCAN HEALTH PLAN NEVADA, INC. ",Local CCP ,3.0,Below Threshold
H0982 ,"SOLIS HEALTH PLANS, INC. ",Local CCP ,4.0,Bonus Eligible
H1016 ,"AVMED, INC. ",Local CCP ,3.5,Near Bonus
H1019 ,"CAREPLUS HEALTH PLANS, INC. ",Local CCP ,4.0,Bonus Eligible
H1032 ,"Sunshine State Health Plan, Inc. ",Local CCP ,3.5,Near Bonus
H1035 ,"FLORIDA BLUE MEDICARE, INC. ",Local CCP ,4.0,Bonus Eligible
H1036 ,"HUMANA MEDICAL PLAN, INC. ",Local CCP ,5.0,Bonus Eligible
H1045 ,"PREFERRED CARE PARTNERS, INC. ",Local CCP ,4.5,Bonus Eligible
H1099 ,HEALTH FIRST HEALTH PLANS ,Local CCP ,4.0,Bonus Eligible
H1109 ,AETNA HEALTH INC.(GA) ,Local CCP ,4.0,Bonus Eligible
H1112 ,"WELLCARE OF GEORGIA, INC. ",Local CCP ,3.5,Near Bonus
H1170 ,"KAISER FOUNDATION HP OF GA, INC. ",Local CCP ,3.5,Near Bonus
H1189 ,CHRISTUS HEALTH PLAN ,Local CCP ,3.5,Near Bonus
H1215 ,"NEBRASKA TOTAL CARE, INC. ",Local CCP ,3.0,Below Threshold
H1225 ,"HOPKINS HEALTH ADVANTAGE, INC. ",Local CCP ,3.0,Below Threshold
H1230 ,"KAISER FOUNDATION HP, INC. ",Local CCP ,4.0,Bonus Eligible
H1248 ,LOUISIANA HEALTH SERVICE & INDEMNITY COMPANY ,Local CCP ,4.0,Bonus Eligible
H1278 ,CARE IMPROVEMENT PLUS SOUTH CENTRAL INSURANCE CO. ,Local CCP ,3.5,Near Bonus
H1290 ,"DEVOTED HEALTH PLAN OF FLORIDA, INC. ",Local CCP ,5.0,Bonus Eligible
H1304 ,"REGENCE BLUESHIELD OF IDAHO, INC. ",Local CCP ,3.5,Near Bonus
H1350 ,"BLUE CROSS OF IDAHO CARE PLUS, INC. ",Local CCP ,4.5,Bonus Eligible
H1352 ,"BLUE-ADVANTAGE PLUS OF KANSAS CITY, INC. ",Local CCP ,4.0,Bonus Eligible
H1353 ,"WELLCARE OF WASHINGTON, INC. ",Local CCP ,2.5,Below Threshold
H1360 ,"UnitedHealthcare Benefits of Texas, Inc. ",Local CCP ,3.5,Near Bonus
H1365 ,"MARTIN'S POINT GENERATIONS ADVANTAGE, INC. ",Local CCP ,4.5,Bonus Eligible
H1395 ,"NEBRASKA TOTAL CARE, INC. ",Local CCP ,2.5,Below Threshold
H1416 ,"HARMONY HEALTH PLAN,  INC. ",Local CCP ,3.0,Below Threshold
H1423 ,"AMERIGROUP OHIO, INC. ",Local CCP ,3.0,Below Threshold
H1463 ,"HEALTH ALLIANCE CONNECT, INC. ",Local CCP ,4.5,Bonus Eligible
H1537 ,CARE IMPROVEMENT PLUS SOUTH CENTRAL INSURANCE CO. ,Local CCP ,5.0,Bonus Eligible
H1607 ,"ANTHEM INSURANCE COMPANIES, INC. ",Local CCP ,3.5,Near Bonus
H1608 ,COVENTRY HEALTH AND LIFE INSURANCE COMPANY ,Local CCP ,4.0,Bonus Eligible
H1609 ,AETNA HEALTH INC. (FL) ,Local CCP ,4.0,Bonus Eligible
H1610 ,"COVENTRY HEALTH CARE OF VIRGINIA, INC. ",Local CCP ,4.0,Bonus Eligible
H1644 ,"LONGEVITY HEALTH PLAN OF FLORIDA, INC. ",Local CCP ,3.0,Below Threshold
H1659 ,CARE IMPROVEMENT PLUS SOUTH CENTRAL INSURANCE CO. ,Local CCP ,4.0,Bonus Eligible
H1664 ,"HOME STATE HEALTH PLAN, INC. ",Local CCP ,3.0,Below Threshold
H1666 ,HCSC INSURANCE SERVICES COMPANY ,Local CCP ,3.0,Below Threshold
H1692 ,"COVENTRY HEALTH CARE OF WEST VIRGINIA, INC. ",Local CCP ,4.0,Bonus Eligible
H1732 ,"HEALTHPLUS HP, LLC ",Local CCP ,2.5,Below Threshold
H1737 ,"HEALTH ALLIANCE - MIDWEST, INC. ",Local CCP ,4.0,Bonus Eligible
H1799 ,"MOLINA HEALTHCARE OF KENTUCKY, INC. ",Local CCP ,3.5,Near Bonus
H1822 ,"SCAN DESERT HEALTH PLAN, INC. ",Local CCP ,2.5,Below Threshold
H1846 ,MOUNT CARMEL HEALTH INSURANCE COMPANY ,Local CCP ,4.0,Bonus Eligible
H1848 ,"WELLCARE OF ALABAMA, INC. ",Local CCP ,2.5,Below Threshold
H1889 ,CARE IMPROVEMENT PLUS SOUTH CENTRAL INSURANCE CO. ,Local CCP ,4.5,Bonus Eligible
H1894 ,"AMERIGROUP WASHINGTON, INC. ",Local CCP ,3.0,Below Threshold
H1914 ,"WELLCARE HEALTH INSURANCE OF CONNECTICUT, INC. ",Local CCP ,3.0,Below Threshold
H1944 ,"UNITEDHEALTHCARE OF WISCONSIN, INC. ",Local CCP ,3.5,Near Bonus
H1947 ,"COMMUNITY CARE HEALTH PLAN OF LOUISIANA, INC. ",Local CCP ,3.5,Near Bonus
H1951 ,"HUMANA HEALTH BENEFIT PLAN OF LOUISIANA, INC. ",Local CCP ,4.5,Bonus Eligible
H1961 ,"PEOPLES HEALTH, INC. ",Local CCP ,5.0,Bonus Eligible
H1969 ,"REGENCE BLUESHIELD OF IDAHO, INC. ",Local CCP ,3.5,Near Bonus
H1993 ,"ASTIVA HEALTH, INC. ",Local CCP ,3.0,Below Threshold
H1994 ,"SELECTHEALTH, INC. ",Local CCP ,5.0,Bonus Eligible
H1997 ,REGENCE BLUESHIELD ,Local CCP ,3.0,Below Threshold
H2001 ,"SIERRA HEALTH AND LIFE INSURANCE COMPANY, INC. ",Local CCP ,4.5,Bonus Eligible
H2032 ,Baylor Scott & White Insurance Company ,Local CCP ,4.0,Bonus Eligible
H2056 ,AETNA BETTER HEALTH OF MICHIGAN INC. ,Local CCP ,3.0,Below Threshold
H2108 ,"BRAVO HEALTH MID-ATLANTIC, INC. ",Local CCP ,3.0,Below Threshold
H2117 ,"MERIDIAN HEALTH PLAN OF MICHIGAN, INC. ",Local CCP ,2.5,Below Threshold
H2128 ,CELTIC INSURANCE COMPANY ,Local CCP ,2.5,Below Threshold
H2134 ,"WESTERN SKY COMMUNITY CARE, INC. ",Local CCP ,3.0,Below Threshold
H2168 ,VILLAGE SENIOR SERVICES CORPORATION ,Local CCP ,3.5,Near Bonus
H2171 ,"CARE N' CARE INSURANCE COMPANY, INC. ",Local CCP ,3.0,Below Threshold
H2172 ,KAISER FDTN HLTH PLAN OF THE MID-ATLANTIC STATES ,Local CCP ,3.5,Near Bonus
H2174 ,"TRILLIUM COMMUNITY HEALTH PLAN, INC. ",Local CCP ,3.0,Below Threshold
H2224 ,"SENIOR WHOLE HEALTH, LLC ",Local CCP ,3.5,Near Bonus
H2225 ,"COMMONWEALTH CARE ALLIANCE, INC. ",Local CCP ,4.0,Bonus Eligible
H2226 ,UNITEDHEALTHCARE INSURANCE COMPANY ,Local CCP ,4.5,Bonus Eligible
H2230 ,"BCBS  OF MASSACHUSETTS HMO BLUE, INC. ",Local CCP ,3.5,Near Bonus
H2235 ,"BAYCARE SELECT HEALTH PLANS, INC. ",Local CCP ,4.5,Bonus Eligible
H2237 ,INDEPENDENT CARE HEALTH PLAN ,Local CCP ,3.5,Near Bonus
H2247 ,"UNITEDHEALTHCARE COMMUNITY PLAN, INC. ",Local CCP ,4.0,Bonus Eligible
H2256 ,TUFTS ASSOCIATED HEALTH MAINTENANCE ORGANIZATION ,Local CCP ,4.5,Bonus Eligible
H2261 ,"BCBS  OF MASSACHUSETTS HMO BLUE, INC. ",Local CCP ,3.5,Near Bonus
H2292 ,CARE IMPROVEMENT PLUS SOUTH CENTRAL INSURANCE CO. ,Local CCP ,5.0,Bonus Eligible
H2320 ,PRIORITY HEALTH ,Local CCP ,4.5,Bonus Eligible
H2322 ,ALLIANCE HEALTH AND LIFE INSURANCE COMPANY ,Local CCP ,4.5,Bonus Eligible
H2354 ,HEALTH ALLIANCE PLAN OF MICHIGAN ,Local CCP ,4.5,Bonus Eligible
H2400 ,"SIGNATURE ADVANTAGE, LLC ",Local CCP ,3.0,Below Threshold
H2406 ,CARE IMPROVEMENT PLUS SOUTH CENTRAL INSURANCE CO. ,Local CCP ,4.0,Bonus Eligible
H2416 ,PRIMEWEST RURAL MN HEALTH CARE ACCESS INITIATIVE ,Local CCP ,4.5,Bonus Eligible
H2419 ,SOUTH COUNTRY HEALTH ALLIANCE ,Local CCP ,4.5,Bonus Eligible
H2422 ,"HEALTHPARTNERS, INC. ",Local CCP ,3.5,Near Bonus
H2425 ,HMO Minnesota ,Local CCP ,4.5,Bonus Eligible
H2450 ,MEDICA INSURANCE COMPANY ,1876 Cost ,4.0,Bonus Eligible
H2456 ,UCARE MINNESOTA ,Local CCP ,4.0,Bonus Eligible
H2458 ,MEDICA HEALTH PLANS ,Local CCP ,3.5,Near Bonus
H2459 ,UCARE MINNESOTA ,Local CCP ,4.5,Bonus Eligible
H2461 ,"BCBSM, Inc. ",1876 Cost ,4.5,Bonus Eligible
H2463 ,"HUMANA HEALTH PLAN OF TEXAS, INC. ",Local CCP ,4.0,Bonus Eligible
H2486 ,"HUMANA MEDICAL PLAN OF UTAH, INC. ",Local CCP ,3.5,Near Bonus
H2491 ,"WELLCARE HEALTH INSURANCE OF ARIZONA, INC. ",Local CCP ,3.0,Below Threshold
H2563 ,OPTIMA HEALTH PLAN ,Local CCP ,3.0,Below Threshold
H2577 ,CARE IMPROVEMENT PLUS SOUTH CENTRAL INSURANCE CO. ,Local CCP ,3.5,Near Bonus
H2582 ,ROCKY MOUNTAIN HEALTH MAINTENANCE ORGANIZATION INC ,Local CCP ,3.5,Near Bonus
H2593 ,"AMERIGROUP TEXAS, INC. ",Local CCP ,3.0,Below Threshold
H2610 ,"ESSENCE HEALTHCARE, INC. ",Local CCP ,5.0,Bonus Eligible
H2624 ,CARE N' CARE INSURANCE COMPANY OF NORTH CAROLINA ,Local CCP ,4.5,Bonus Eligible
H2663 ,"COVENTRY HEALTH CARE OF MISSOURI, INC ",Local CCP ,4.5,Bonus Eligible
H2697 ,"DEVOTED HEALTH PLAN OF OHIO, INC. ",Local CCP ,5.0,Bonus Eligible
H2737 ,"HEALTH NEW ENGLAND, INC. ",Local CCP ,3.5,Near Bonus
H2765 ,"SUMMIT HEALTH PLAN, INC. ",Local CCP ,3.5,Near Bonus
H2775 ,AMERICAN PROGRESSIVE LIFE & HLTH INS COMPANY OF NY ,Local CCP ,3.0,Below Threshold
H2782 ,WESTERN HEALTH ADVANTAGE ,Local CCP ,3.0,Below Threshold
H2802 ,"UNITEDHEALTHCARE OF THE MIDLANDS, INC. ",Local CCP ,4.0,Bonus Eligible
H2816 ,AMERICAN PROGRESSIVE LIFE & HLTH INS COMPANY OF NY ,PFFS ,4.0,Bonus Eligible
H2836 ,"ANTHEM HEALTH PLANS, INC. ",Local CCP ,3.0,Below Threshold
H2853 ,CENTENE VENTURE COMPANY TENNESSEE ,Local CCP ,3.0,Below Threshold
H2879 ,"MOLINA HEALTHCARE OF WISCONSIN, INC. ",Local CCP ,3.0,Below Threshold
H2915 ,"PENNSYLVANIA HEALTH & WELLNESS, INC. ",Local CCP ,4.0,Bonus Eligible
H2944 ,HUMANA INSURANCE COMPANY ,PFFS ,3.5,Near Bonus
H2960 ,"HOMETOWN HEALTH PLAN, INC. ",Local CCP ,3.5,Near Bonus
H2962 ,"ULTIMATE HEALTH PLANS, INC. ",Local CCP ,4.0,Bonus Eligible
H3047 ,WELLCARE HEALTH INSURANCE COMPANY OF LOUISIANA ,Local CCP ,3.0,Below Threshold
H3071 ,"CLEAR SPRING HEALTH COMMUNITY CARE, INC. ",Local CCP ,3.0,Below Threshold
H3113 ,"OXFORD HEALTH PLANS (NJ), INC. ",Local CCP ,3.5,Near Bonus
H3146 ,AETNA BETTER HEALTH INC. (GA) ,Local CCP ,4.0,Bonus Eligible
H3152 ,AETNA HEALTH INC. (NJ) ,Local CCP ,3.5,Near Bonus
H3170 ,"SAPPHIRE EDGE, INC. ",Local CCP ,3.0,Below Threshold
H3192 ,AETNA HEALTH OF MICHIGAN INC. ,Local CCP ,3.5,Near Bonus
H3204 ,PRESBYTERIAN HEALTH PLAN ,Local CCP ,3.0,Below Threshold
H3206 ,"PRESBYTERIAN INSURANCE COMPANY, INC. ",Local CCP ,2.5,Below Threshold
H3219 ,ALLINA HEALTH AND AETNA INSURANCE COMPANY ,Local CCP ,4.5,Bonus Eligible
H3239 ,"AETNA BETTER HEALTH, INC. (LA) ",Local CCP ,4.0,Bonus Eligible
H3240 ,"AMERIGROUP NEW JERSEY, INC. ",Local CCP ,3.0,Below Threshold
H3251 ,HEALTH CARE SERVICE CORPORATION ,Local CCP ,3.0,Below Threshold
H3256 ,CARE IMPROVEMENT PLUS SOUTH CENTRAL INSURANCE CO. ,Local CCP ,4.5,Bonus Eligible
H3259 ,VOLUNTEER STATE HEALTH PLAN ,Local CCP ,4.0,Bonus Eligible
H3276 ,"CONNECTICARE INSURANCE COMPANY, INC. ",Local CCP ,3.0,Below Threshold
H3288 ,AETNA HEALTH AND LIFE INSURANCE COMPANY ,Local CCP ,3.5,Near Bonus
H3305 ,"MVP HEALTH PLAN, INC. ",Local CCP ,4.5,Bonus Eligible
H3307 ,"OXFORD HEALTH PLANS (NY), INC. ",Local CCP ,3.0,Below Threshold
H3312 ,AETNA HEALTH INC. (NY) ,Local CCP ,3.5,Near Bonus
H3330 ,HEALTH INSURANCE PLAN OF GREATER NEW YORK ,Local CCP ,3.0,Below Threshold
H3335 ,"EXCELLUS HEALTH PLAN, INC. ",Local CCP ,4.5,Bonus Eligible
H3344 ,INDEPENDENT HEALTH BENEFITS CORPORATION ,Local CCP ,5.0,Bonus Eligible
H3347 ,"ELDERPLAN, INC. ",Local CCP ,3.5,Near Bonus
H3351 ,"EXCELLUS HEALTH PLAN, INC. ",Local CCP ,4.0,Bonus Eligible
H3359 ,"HEALTHFIRST HEALTH PLAN, INC. ",Local CCP ,4.0,Bonus Eligible
H3362 ,"INDEPENDENT HEALTH ASSOCIATION, INC. ",Local CCP ,5.0,Bonus Eligible
H3379 ,"UNITEDHEALTHCARE OF NEW YORK, INC. ",Local CCP ,4.0,Bonus Eligible
H3384 ,Highmark Western and Northeastern New York Inc. ,Local CCP ,4.0,Bonus Eligible
H3387 ,"UNITEDHEALTHCARE OF NEW YORK, INC. ",Local CCP ,3.5,Near Bonus
H3388 ,"CAPITAL DISTRICT PHYSICIANS' HEALTH PLAN, INC. ",Local CCP ,4.5,Bonus Eligible
H3404 ,BLUE CROSS AND BLUE SHIELD OF NORTH CAROLINA ,Local CCP ,4.5,Bonus Eligible
H3416 ,"HEALTHPARTNERS UNITYPOINT HEALTH, INC. ",Local CCP ,4.5,Bonus Eligible
H3418 ,CARE IMPROVEMENT PLUS SOUTH CENTRAL INSURANCE CO. ,Local CCP ,3.0,Below Threshold
H3443 ,"ALIGNMENT HEALTH PLAN OF ARIZONA, INC. ",Local CCP ,3.5,Near Bonus
H3447 ,"HEALTHKEEPERS, INC. ",Local CCP ,3.5,Near Bonus
H3449 ,BLUE CROSS AND BLUE SHIELD OF NORTH CAROLINA ,Local CCP ,4.5,Bonus Eligible
H3471 ,HEALTH ALLIANCE NORTHWEST HEALTH PLAN ,Local CCP ,3.0,Below Threshold
H3499 ,COORDINATED CARE CORPORATION ,Local CCP ,3.0,Below Threshold
H3528 ,"CONNECTICARE, INC. ",Local CCP ,3.5,Near Bonus
H3533 ,"HUMANA HEALTH COMPANY OF NEW YORK, INC. ",Local CCP ,3.0,Below Threshold
H3536 ,"MATTHEW THORNTON HEALTH PLAN, INC. ",Local CCP ,3.5,Near Bonus
H3554 ,USABLE PPO INSURANCE COMPANY ,Local CCP ,3.5,Near Bonus
H3557 ,BLUE CROSS & BLUE SHIELD OF RHODE ISLAND ,Local CCP ,4.5,Bonus Eligible
H3561 ,"HEALTH NET COMMUNITY SOLUTIONS, INC. ",Local CCP ,3.0,Below Threshold
H3597 ,AETNA HEALTH INC. (ME) ,Local CCP ,4.0,Bonus Eligible
H3653 ,"PARAMOUNT CARE, INC. ",Local CCP ,4.5,Bonus Eligible
H3655 ,COMMUNITY INSURANCE COMPANY ,Local CCP ,3.5,Near Bonus
H3660 ,SUMMACARE INC. ,Local CCP ,4.5,Bonus Eligible
H3664 ,AULTCARE HEALTH INSURING CORPORATION ,Local CCP ,5.0,Bonus Eligible
H3668 ,"MOUNT CARMEL HEALTH PLAN, INC. ",Local CCP ,5.0,Bonus Eligible
H3672 ,"THE HEALTH PLAN OF WEST VIRGINIA, INC. ",Local CCP ,4.0,Bonus Eligible
H3706 ,"GLOBALHEALTH, INC. ",Local CCP ,4.5,Bonus Eligible
H3748 ,"AETNA BETTER HEALTH OF WASHINGTON, INC. ",Local CCP ,3.5,Near Bonus
H3749 ,"UNITEDHEALTHCARE OF WISCONSIN, INC. ",Local CCP ,3.5,Near Bonus
H3755 ,"COMMUNITYCARE GOVERNMENT PROGRAMS, INC. ",Local CCP ,4.0,Bonus Eligible
H3777 ,"EXPERIENCE HEALTH, INC. ",Local CCP ,4.5,Bonus Eligible
H3794 ,"UNITEDHEALTHCARE OF WISCONSIN, INC. ",Local CCP ,5.0,Bonus Eligible
H3800 ,PROVIDER PARTNERS HEALTH PLAN OF ILLINOIS ,Local CCP ,3.0,Below Threshold
H3805 ,"UnitedHealthcare Benefits of Texas, Inc. ",Local CCP ,4.0,Bonus Eligible
H3810 ,"ALLCARE HEALTH PLAN, INC. ",Local CCP ,3.5,Near Bonus
H3811 ,"SAMARITAN HEALTH PLANS, INC. ",Local CCP ,3.0,Below Threshold
H3813 ,"MODA HEALTH PLAN, INC. ",Local CCP ,3.0,Below Threshold
H3814 ,ATRIO HEALTH PLANS ,Local CCP ,3.0,Below Threshold
H3815 ,ALIGNMENT HEALTH PLAN ,Local CCP ,4.0,Bonus Eligible
H3817 ,REGENCE BLUECROSS BLUESHIELD OF OREGON ,Local CCP ,3.5,Near Bonus
H3822 ,HEALTH CARE SERVICE CORPORATION ,Local CCP ,3.0,Below Threshold
H3832 ,HAWAII MEDICAL SERVICE ASSOCIATION ,Local CCP ,4.0,Bonus Eligible
H3864 ,PACIFICSOURCE COMMUNITY HEALTH PLANS ,Local CCP ,3.5,Near Bonus
H3890 ,"HOPKINS HEALTH ADVANTAGE, INC. ",Local CCP ,3.0,Below Threshold
H3907 ,"UPMC HEALTH PLAN, INC. ",Local CCP ,5.0,Bonus Eligible
H3909 ,QCC INSURANCE COMPANY ,Local CCP ,4.5,Bonus Eligible
H3916 ,HIGHMARK SENIOR HEALTH COMPANY ,Local CCP ,4.5,Bonus Eligible
H3923 ,CAPITAL ADVANTAGE INSURANCE COMPANY ,Local CCP ,4.0,Bonus Eligible
H3924 ,GEISINGER INDEMNITY INSURANCE COMPANY ,Local CCP ,4.0,Bonus Eligible
H3928 ,AETNA HEALTH INC. (LA) ,Local CCP ,4.0,Bonus Eligible
H3931 ,AETNA HEALTH INC. (PA) ,Local CCP ,4.0,Bonus Eligible
H3949 ,"BRAVO HEALTH PENNSYLVANIA, INC. ",Local CCP ,3.5,Near Bonus
H3952 ,"KEYSTONE HEALTH PLAN EAST, INC. ",Local CCP ,4.5,Bonus Eligible
H3954 ,GEISINGER HEALTH PLAN ,Local CCP ,4.0,Bonus Eligible
H3957 ,HIGHMARK CHOICE COMPANY ,Local CCP ,5.0,Bonus Eligible
H3959 ,AETNA HEALTH INC. (PA) ,Local CCP ,4.5,Bonus Eligible
H3962 ,"KEYSTONE HEALTH PLAN CENTRAL, INC. ",Local CCP ,4.0,Bonus Eligible
H3975 ,"WELLCARE HEALTH INSURANCE COMPANY OF KENTUCKY, INC ",Local CCP ,3.5,Near Bonus
H3979 ,"GHS HEALTH MAINTENANCE ORGANIZATION, INC. ",Local CCP ,4.0,Bonus Eligible
H4003 ,"MMM HEALTHCARE, LLC ",Local CCP ,4.0,Bonus Eligible
H4004 ,"MMM HEALTHCARE, LLC ",Local CCP ,4.5,Bonus Eligible
H4005 ,"TRIPLE S ADVANTAGE, INC. ",Local CCP ,4.0,Bonus Eligible
H4007 ,"HUMANA HEALTH PLANS OF PUERTO RICO, INC. ",Local CCP ,5.0,Bonus Eligible
H4036 ,"ANTHEM INSURANCE COMPANIES, INC. ",Local CCP ,4.0,Bonus Eligible
H5652 ,"SIERRA HEALTH AND LIFE INSURANCE COMPANY, INC. ",Local CCP ,5.0,Bonus Eligible
H4073 ,"WELLCARE HEALTH INSURANCE OF NORTH CAROLINA, INC. ",Local CCP ,3.0,Below Threshold
H4094 ,"UNITEDHEALTHCARE OF WISCONSIN, INC. ",Local CCP ,3.5,Near Bonus
H4140 ,"DOCTORS HEALTHCARE PLANS, INC. ",Local CCP ,3.5,Near Bonus
H4141 ,"HUMANA EMPLOYERS HEALTH PLAN OF GEORGIA, INC. ",Local CCP ,4.0,Bonus Eligible
H4152 ,BLUE CROSS & BLUE SHIELD OF RHODE ISLAND ,Local CCP ,4.5,Bonus Eligible
H4172 ,"NHC ADVANTAGE, LLC ",Local CCP ,5.0,Bonus Eligible
H4213 ,USABLE MUTUAL INSURANCE COMPANY ,PFFS ,3.5,Near Bonus
H4227 ,"VISTA HEALTH PLAN, INC. ",Local CCP ,3.5,Near Bonus
H4279 ,"UPMC FOR YOU, INC ",Local CCP ,5.0,Bonus Eligible
H4286 ,"LEON HEALTH, INC. ",Local CCP ,5.0,Bonus Eligible
H4343 ,"CENTENE VENTURE COMPANY ALABAMA HEALTH PLAN, INC. ",Local CCP ,3.0,Below Threshold
H4346 ,"HMO COLORADO, INC. ",Local CCP ,3.0,Below Threshold
H4407 ,"HEALTHSPRING LIFE & HEALTH INSURANCE COMPANY, INC. ",Local CCP ,4.0,Bonus Eligible
H4461 ,CARITEN HEALTH PLAN INC. ,Local CCP ,5.0,Bonus Eligible
H4497 ,MEDICAL MUTUAL OF OHIO ,Local CCP ,4.5,Bonus Eligible
H4506 ,"SELECTCARE OF TEXAS, INC. ",Local CCP ,3.0,Below Threshold
H4513 ,"HEALTHSPRING LIFE & HEALTH INSURANCE COMPANY, INC. ",Local CCP ,4.0,Bonus Eligible
H4514 ,"UNITEDHEALTHCARE COMMUNITY PLAN OF TEXAS, L.L.C. ",Local CCP ,4.0,Bonus Eligible
H4523 ,AETNA HEALTH INC. (TX) ,Local CCP ,4.0,Bonus Eligible
H4527 ,"PHYSICIANS HEALTH CHOICE OF TEXAS, LLC ",Local CCP ,4.5,Bonus Eligible
H4544 ,"PEOPLES HEALTH, INC. ",Local CCP ,3.0,Below Threshold
H4604 ,"UNITEDHEALTHCARE OF THE ROCKIES, INC. ",Local CCP ,4.5,Bonus Eligible
H4605 ,REGENCE BLUECROSS BLUESHIELD OF UTAH ,Local CCP ,4.0,Bonus Eligible
H4623 ,"HUMANA REGIONAL HEALTH PLAN, INC. ",Local CCP ,4.0,Bonus Eligible
H4624 ,"ZING HEALTH OF MICHIGAN, INC. ",Local CCP ,3.0,Below Threshold
H4676 ,"TROY HEALTH, INC. ",Local CCP ,2.5,Below Threshold
H4699 ,"WELLCARE HEALTH PLANS OF RHODE ISLAND, INC. ",Local CCP ,2.5,Below Threshold
H4711 ,"COVENTRY HEALTH CARE OF NEBRASKA, INC. ",Local CCP ,3.0,Below Threshold
H6348 ,COORDINATED CARE CORPORATION ,Local CCP ,3.0,Below Threshold
H4754 ,PACIFICSOURCE COMMUNITY HEALTH PLANS ,Local CCP ,3.5,Near Bonus
H4801 ,GHS INSURANCE COMPANY ,Local CCP ,3.0,Below Threshold
H4835 ,AETNA BETTER HEALTH OF OKLAHOMA INC. ,Local CCP ,3.0,Below Threshold
H4847 ,"WELLCARE OF SOUTH CAROLINA, INC. ",Local CCP ,3.0,Below Threshold
H4868 ,NEW YORK QUALITY HEALTHCARE CORPORATION ,Local CCP ,3.0,Below Threshold
H4875 ,PRIORITY HEALTH ,Local CCP ,4.5,Bonus Eligible
H4882 ,"HEALTHPARTNERS, INC. ",Local CCP ,4.5,Bonus Eligible
H4909 ,"ANTHEM INSURANCE COMPANIES, INC. ",Local CCP ,3.0,Below Threshold
H4931 ,BANNER - UNIVERSITY CARE ADVANTAGE ,Local CCP ,3.5,Near Bonus
H4937 ,CALIFORNIA PHYSICIANS' SERVICE ,Local CCP ,3.5,Near Bonus
H4961 ,ALIGNMENT HEALTH PLAN ,Local CCP ,3.0,Below Threshold
H4982 ,AETNA BETTER HEALTH OF CALIFORNIA INC. ,Local CCP ,3.0,Below Threshold
H5008 ,CARE IMPROVEMENT PLUS SOUTH CENTRAL INSURANCE CO. ,Local CCP ,3.5,Near Bonus
H5009 ,REGENCE BLUESHIELD ,Local CCP ,3.0,Below Threshold
H5010 ,ASURIS NORTHWEST HEALTH ,Local CCP ,4.0,Bonus Eligible
H5015 ,"TEXAS INDEPENDENCE HEALTH PLAN, INC. ",Local CCP ,4.5,Bonus Eligible
H5042 ,"CDPHP UNIVERSAL BENEFITS, INC. ",Local CCP ,4.5,Bonus Eligible
H5050 ,KAISER FOUNDATION HEALTH PLAN OF WASHINGTON ,Local CCP ,3.5,Near Bonus
H5087 ,"WELLCARE OF CALIFORNIA, INC. ",Local CCP ,3.0,Below Threshold
H5106 ,HIGHMARK SENIOR SOLUTIONS COMPANY ,Local CCP ,4.5,Bonus Eligible
H5140 ,"BLUE CROSS AND BLUE SHIELD ARIZONA, INC. ",Local CCP ,3.5,Near Bonus
H5141 ,CLOVER INSURANCE COMPANY ,Local CCP ,3.5,Near Bonus
H5199 ,"WELLCARE HEALTH INSURANCE OF ARIZONA, INC. ",Local CCP ,3.0,Below Threshold
H5209 ,"My Choice Wisconsin Health Plan, Inc. ",Local CCP ,4.0,Bonus Eligible
H5211 ,"SECURITY HEALTH PLAN OF WISCONSIN, INC. ",Local CCP ,4.0,Bonus Eligible
H5215 ,NETWORK HEALTH INSURANCE CORPORATION ,Local CCP ,5.0,Bonus Eligible
H5216 ,HUMANA INSURANCE COMPANY ,Local CCP ,4.5,Bonus Eligible
H5253 ,"UNITEDHEALTHCARE OF WISCONSIN, INC. ",Local CCP ,4.5,Bonus Eligible
H5262 ,QUARTZ HEALTH PLAN CORPORATION ,Local CCP ,4.5,Bonus Eligible
H5273 ,"CAREPARTNERS OF CONNECTICUT, INC. ",Local CCP ,4.0,Bonus Eligible
H5294 ,"SUPERIOR HEALTHPLAN, INC. ",Local CCP ,3.0,Below Threshold
H5296 ,"ALIGNMENT HEALTH PLAN OF NORTH CAROLINA, INC. ",Local CCP ,5.0,Bonus Eligible
H5302 ,AETNA HEALTH INC. (GA) ,Local CCP ,4.0,Bonus Eligible
H5322 ,CARE IMPROVEMENT PLUS SOUTH CENTRAL INSURANCE CO. ,Local CCP ,4.0,Bonus Eligible
H5325 ,"COVENTRY HEALTH CARE OF KANSAS, INC. ",Local CCP ,4.0,Bonus Eligible
H5374 ,"LONGEVITY HEALTH PLAN OF NORTH CAROLINA, INC. ",Local CCP ,3.0,Below Threshold
H5386 ,SHARP HEALTH PLAN ,Local CCP ,4.5,Bonus Eligible
H5398 ,CENTENE VENTURE COMPANY KANSAS ,Local CCP ,3.5,Near Bonus
H5410 ,"HEALTHSPRING OF FLORIDA, INC. ",Local CCP ,4.5,Bonus Eligible
H5420 ,"Preferred Care Network, Inc. ",Local CCP ,5.0,Bonus Eligible
H5422 ,BLUE CROSS BLUE SHIELD HEALTHCARE PLAN OF GEORGIA ,Local CCP ,3.5,Near Bonus
H5425 ,SCAN HEALTH PLAN ,Local CCP ,4.0,Bonus Eligible
H5427 ,"FREEDOM HEALTH, INC. ",Local CCP ,4.5,Bonus Eligible
H5431 ,"HEALTHSUN HEALTH PLANS, INC. ",Local CCP ,5.0,Bonus Eligible
H5433 ,ORANGE COUNTY HEALTH AUTHORITY ,Local CCP ,3.0,Below Threshold
H5434 ,"BLUE CROSS AND BLUE SHIELD OF FLORIDA, INC. ",Local CCP ,3.5,Near Bonus
H5435 ,CARE IMPROVEMENT PLUS SOUTH CENTRAL INSURANCE CO. ,PFFS ,3.0,Below Threshold
H5439 ,HEALTH NET LIFE INSURANCE COMPANY ,Local CCP ,2.5,Below Threshold
H5471 ,"SIMPLY HEALTHCARE PLANS, INC. ",Local CCP ,5.0,Bonus Eligible
H5475 ,"MERIDIAN HEALTH PLAN OF MICHIGAN, INC. ",Local CCP ,3.0,Below Threshold
H5496 ,"IMPERIAL HEALTH PLAN OF CALIFORNIA, INC. ",Local CCP ,3.5,Near Bonus
H5521 ,AETNA LIFE INSURANCE COMPANY ,Local CCP ,4.0,Bonus Eligible
H5522 ,AETNA LIFE INSURANCE COMPANY ,Local CCP ,4.5,Bonus Eligible
H5525 ,"HUMANA BENEFIT PLAN OF ILLINOIS, INC. ",Local CCP ,4.0,Bonus Eligible
H5526 ,Highmark Western and Northeastern New York Inc. ,Local CCP ,4.0,Bonus Eligible
H5533 ,"UPMC HEALTH NETWORK, INC. ",Local CCP ,5.0,Bonus Eligible
H5549 ,VNS CHOICE ,Local CCP ,3.5,Near Bonus
H5577 ,"MCS ADVANTAGE, INC. ",Local CCP ,5.0,Bonus Eligible
H5580 ,MERCY CARE ,Local CCP ,3.5,Near Bonus
H5587 ,"HEALTH CHOICE ARIZONA, INC. ",Local CCP ,3.5,Near Bonus
H5590 ,"Bridgeway Health Solutions of Arizona, Inc. ",Local CCP ,3.0,Below Threshold
H5591 ,"MARTIN'S POINT GENERATIONS ADVANTAGE, INC. ",Local CCP ,4.5,Bonus Eligible
H5593 ,AETNA HEALTH OF IOWA INC. ,Local CCP ,5.0,Bonus Eligible
H5594 ,"OPTIMUM HEALTHCARE, INC. ",Local CCP ,5.0,Bonus Eligible
H5599 ,NEW YORK QUALITY HEALTHCARE CORPORATION ,Local CCP ,3.0,Below Threshold
H5608 ,"DENVER HEALTH MEDICAL PLAN, INC. ",Local CCP ,3.5,Near Bonus
H5619 ,"ARCADIAN HEALTH PLAN, INC. ",Local CCP ,4.0,Bonus Eligible
H5628 ,"MOLINA HEALTHCARE OF UTAH, INC. ",Local CCP ,3.0,Below Threshold
H5649 ,"CENTRAL HEALTH PLAN OF CALIFORNIA, INC. ",Local CCP ,3.5,Near Bonus
H5774 ,"TRIPLE S ADVANTAGE, INC. ",Local CCP ,4.5,Bonus Eligible
H5779 ,"MERIDIAN HEALTH PLAN OF ILLINOIS, INC. ",Local CCP ,3.0,Below Threshold
H5793 ,AETNA HEALTH INC. (CT) ,Local CCP ,4.5,Bonus Eligible
H5810 ,MOLINA HEALTHCARE OF CALIFORNIA ,Local CCP ,2.5,Below Threshold
H5823 ,"MOLINA HEALTHCARE OF WASHINGTON, INC. ",Local CCP ,3.0,Below Threshold
H5826 ,COMMUNITY HEALTH PLAN OF WASHINGTON ,Local CCP ,3.5,Near Bonus
H5828 ,"AMERIGROUP TENNESSEE, INC. ",Local CCP ,3.5,Near Bonus
H5843 ,"BANNER HEALTH PLAN, INC. ",Local CCP ,3.5,Near Bonus
H5852 ,AIDS HEALTHCARE FOUNDATION ,Local CCP ,3.0,Below Threshold
H5854 ,"ANTHEM HEALTH PLANS, INC. ",Local CCP ,4.0,Bonus Eligible
H5859 ,"HEALTH PLAN OF CAREOREGON, INC. ",Local CCP ,3.5,Near Bonus
H5883 ,BLUE CARE NETWORK OF MICHIGAN ,Local CCP ,4.5,Bonus Eligible
H5900 ,"WELLMARK ADVANTAGE HEALTH PLAN, INC. ",Local CCP ,4.0,Bonus Eligible
H5926 ,"MOLINA HEALTHCARE OF MICHIGAN, INC. ",Local CCP ,2.5,Below Threshold
H5928 ,California Physicians' Service ,Local CCP ,3.5,Near Bonus
H5932 ,"GATEWAY HEALTH PLAN, INC. ",Local CCP ,4.5,Bonus Eligible
H5937 ,UCARE MINNESOTA ,Local CCP ,3.5,Near Bonus
H5938 ,CAPITAL HEALTH PLAN ,Local CCP ,4.5,Bonus Eligible
H5943 ,SCAN HEALTH PLAN ,Local CCP ,3.0,Below Threshold
H5945 ,PROMINENCE HEALTHFIRST ,Local CCP ,3.5,Near Bonus
H5959 ,"BCBSM, Inc. ",Local CCP ,4.5,Bonus Eligible
H5969 ,ALOHACARE ,Local CCP ,3.0,Below Threshold
H5970 ,HUMANA INSURANCE COMPANY OF NEW YORK ,Local CCP ,3.5,Near Bonus
H5989 ,"HEALTHFIRST HEALTH PLAN, INC. ",Local CCP ,3.5,Near Bonus
H5991 ,HEALTH INSURANCE PLAN OF GREATER NEW YORK ,Local CCP ,3.0,Below Threshold
H5995 ,ATRIO HEALTH PLANS ,Local CCP ,3.0,Below Threshold
H6067 ,"CAREFIRST ADVANTAGE, INC. ",Local CCP ,2.5,Below Threshold
H6078 ,"Group Retiree Health Solutions, Inc. ",Local CCP ,4.0,Bonus Eligible
H6154 ,MEDICA HEALTH PLANS ,Local CCP ,3.0,Below Threshold
H6158 ,"USABLE HMO, INC. ",Local CCP ,3.5,Near Bonus
H6202 ,NEXTBLUE OF NORTH DAKOTA INSURANCE COMPANY ,Local CCP ,4.5,Bonus Eligible
H6237 ,REGENCE BLUECROSS BLUESHIELD OF OREGON ,Local CCP ,3.5,Near Bonus
H6306 ,FIRSTCAROLINACARE INSURANCE COMPANY ,Local CCP ,4.5,Bonus Eligible
H6328 ,"CARE N' CARE INSURANCE COMPANY, INC. ",Local CCP ,3.5,Near Bonus
H6345 ,"PRUITTHEALTH PREMIER NORTH CAROLINA, LLC ",Local CCP ,4.0,Bonus Eligible
H6396 ,"CARESOURCE OHIO, INC. ",Local CCP ,4.5,Bonus Eligible
H6399 ,AETNA BETTER HEALTH INC. (NJ) ,Local CCP ,3.0,Below Threshold
H6446 ,"SILVERSUMMIT HEALTHPLAN, INC. ",Local CCP ,3.0,Below Threshold
H6453 ,"HMO LOUISIANA, INC. ",Local CCP ,4.5,Bonus Eligible
H6502 ,MISSOURI VALLEY LIFE AND HEALTH INSURANCE COMPANY ,Local CCP ,4.0,Bonus Eligible
H6526 ,"UNITEDHEALTHCARE OF NEW MEXICO, INC. ",Local CCP ,3.0,Below Threshold
H6550 ,"SUNFLOWER STATE HEALTH PLAN, INC. ",Local CCP ,3.0,Below Threshold
H6594 ,"WELLCARE HEALTH PLANS OF VERMONT, INC. ",Local CCP ,3.0,Below Threshold
H6595 ,"UNITEDHEALTHCARE OF WISCONSIN, INC. ",Local CCP ,4.0,Bonus Eligible
H6605 ,"WELLCARE HEALTH INSURANCE OF HAWAII, INC. ",Local CCP ,2.0,Below Threshold
H6622 ,HUMANA WI HEALTH ORGANIZATION INSURANCE CORP ,Local CCP ,4.0,Bonus Eligible
H6678 ,CENTENE VENTURE INSURANCE COMPANY TEXAS ,Local CCP ,3.0,Below Threshold
H6713 ,"WELLCARE OF ILLINOIS, INC. ",Local CCP ,2.5,Below Threshold
H6723 ,MEDICAL MUTUAL OF OHIO ,Local CCP ,4.5,Bonus Eligible
H6743 ,ATRIO HEALTH PLANS ,Local CCP ,3.0,Below Threshold
H6750 ,"HARVARD PILGRIM HEALTH CARE OF NEW ENGLAND, INC. ",Local CCP ,3.5,Near Bonus
H6815 ,"HEALTH NET HEALTH PLAN OF OREGON, INC. ",Local CCP ,3.0,Below Threshold
H6898 ,"VERMONT BLUE ADVANTAGE, INC. ",Local CCP ,3.5,Near Bonus
H6910 ,"MOUNT CARMEL HEALTH PLAN OF IDAHO, INC. ",Local CCP ,3.5,Near Bonus
H6975 ,"WELLCARE OF ALABAMA, INC. ",Local CCP ,2.5,Below Threshold
H6988 ,"CENTERS PLAN FOR HEALTHY LIVING, LLC ",Local CCP ,4.0,Bonus Eligible
H7006 ,ATRIO HEALTH PLANS ,Local CCP ,3.0,Below Threshold
H7020 ,"CIGNA HEALTHCARE OF SOUTH CAROLINA, INC. ",Local CCP ,4.0,Bonus Eligible
H7063 ,"BLUECROSS BLUESHIELD KANSAS SOLUTIONS, INC. ",Local CCP ,4.0,Bonus Eligible
H7093 ,COMMUNITY INSURANCE COMPANY ,Local CCP ,3.0,Below Threshold
H7115 ,MEMORIAL HERMANN HEALTH PLAN ,Local CCP ,3.0,Below Threshold
H7123 ,"UPMC HEALTH COVERAGE, INC. ",Local CCP ,3.5,Near Bonus
H7149 ,AETNA HEALTH INC. (PA) ,Local CCP ,4.0,Bonus Eligible
H7151 ,"DEVOTED HEALTH PLAN OF ILLINOIS, INC. ",Local CCP ,3.5,Near Bonus
H7169 ,"BUCKEYE HEALTH PLAN COMMUNITY SOLUTIONS, INC. ",Local CCP ,2.5,Below Threshold
H7175 ,"WELLCARE HEALTH INSURANCE OF NORTH CAROLINA, INC. ",Local CCP ,3.0,Below Threshold
H7220 ,"INDIANA UNIVERSITY HEALTH PLANS NFP, INC. ",Local CCP ,4.5,Bonus Eligible
H7245 ,PREMERA BLUE CROSS ,Local CCP ,3.5,Near Bonus
H7284 ,"HUMANA HEALTH INSURANCE COMPANY OF FLORIDA, INC. ",Local CCP ,4.0,Bonus Eligible
H7301 ,"COVENTRY HEALTH CARE OF ILLINOIS, INC. ",Local CCP ,4.0,Bonus Eligible
H7323 ,WELLCARE NATIONAL HEALTH INSURANCE COMPANY ,Local CCP ,3.0,Below Threshold
H7326 ,"WELLCARE OF SOUTH CAROLINA, INC. ",Local CCP ,3.5,Near Bonus
H7330 ,"ZING HEALTH, INC. ",Local CCP ,2.5,Below Threshold
H7379 ,"CAREFIRST ADVANTAGE PPO, INC. ",Local CCP ,3.5,Near Bonus
H7399 ,CENTENE VENTURE COMPANY ILLINOIS ,Local CCP ,3.0,Below Threshold
H7404 ,CARE IMPROVEMENT PLUS SOUTH CENTRAL INSURANCE CO. ,Local CCP ,3.5,Near Bonus
H7464 ,"UNITEDHEALTHCARE OF THE MID-ATLANTIC, INC. ",Local CCP ,3.5,Near Bonus
H7512 ,CENTENE VENTURE COMPANY MICHIGAN ,Local CCP ,3.0,Below Threshold
H7518 ,"WELLCARE OF MISSOURI HEALTH INSURANCE COMPANY, INC ",Local CCP ,3.0,Below Threshold
H7522 ,"MMM HEALTHCARE, LLC ",Local CCP ,4.0,Bonus Eligible
H7559 ,"Molina Healthcare of Virginia, LLC ",Local CCP ,3.0,Below Threshold
H7607 ,"CLEVER CARE OF GOLDEN STATE, INC. ",Local CCP ,3.0,Below Threshold
H7617 ,EMPHESYS INSURANCE COMPANY ,Local CCP ,5.0,Bonus Eligible
H7621 ,"HUMANA HEALTH PLAN OF CALIFORNIA, INC. ",Local CCP ,3.5,Near Bonus
H7646 ,PHP MEDICARE ,Local CCP ,4.5,Bonus Eligible
H7678 ,"MOLINA HEALTHCARE OF TEXAS, INC. ",Local CCP ,2.5,Below Threshold
H7680 ,PROMINENCE HEALTHFIRST OF TEXAS ,Local CCP ,4.0,Bonus Eligible
H7787 ,"HEALTHSPRING LIFE & HEALTH INSURANCE COMPANY, INC. ",Local CCP ,3.0,Below Threshold
H7849 ,CIGNA HEALTH AND LIFE INSURANCE COMPANY ,Local CCP ,3.0,Below Threshold
H7917 ,"BLUECROSS BLUESHIELD OF TENNESSEE, INC. ",Local CCP ,4.5,Bonus Eligible
H7925 ,"CENTENE VENTURE COMPANY INDIANA, INC. ",Local CCP ,3.5,Near Bonus
H7993 ,"DEVOTED HEALTH PLAN OF TEXAS, INC. ",Local CCP ,4.5,Bonus Eligible
H8003 ,BLUECROSS AND BLUESHIELD OF SOUTH CAROLINA ,Local CCP ,4.0,Bonus Eligible
H8010 ,CLOVER HMO OF NEW JERSEY INC. ,Local CCP ,3.0,Below Threshold
H8019 ,MEDICA CENTRAL HEALTH PLAN ,Local CCP ,4.5,Bonus Eligible
H8093 ,"GEORGIA ASSURANCE, INC. ",Local CCP ,4.0,Bonus Eligible
H8133 ,GHS INSURANCE COMPANY ,Local CCP ,3.5,Near Bonus
H8142 ,SCOTT AND WHITE HEALTH PLAN ,Local CCP ,4.0,Bonus Eligible
H8145 ,HUMANA INSURANCE COMPANY ,PFFS ,4.0,Bonus Eligible
H8166 ,"HIGHMARK BCBSD, INC. ",Local CCP ,4.0,Bonus Eligible
H8173 ,"DEVOTED HEALTH PLAN OF ARIZONA, INC. ",Local CCP ,4.0,Bonus Eligible
H8176 ,"MOLINA HEALTHCARE OF SOUTH CAROLINA,INC ",Local CCP ,3.5,Near Bonus
H8181 ,"SAPPHIRE EDGE, INC. ",Local CCP ,4.0,Bonus Eligible
H8189 ,MANAGED HEALTH SERVICES INSURANCE CORP. ,Local CCP ,3.5,Near Bonus
H8211 ,CARE IMPROVEMENT PLUS SOUTH CENTRAL INSURANCE CO. ,Local CCP ,3.5,Near Bonus
H8225 ,CENTENE VENTURE COMPANY FLORIDA ,Local CCP ,2.5,Below Threshold
H9096 ,"DEAN HEALTH PLAN, INC. ",Local CCP ,4.5,Bonus Eligible
H8298 ,"HORIZON HEALTHCARE OF NEW JERSEY, INC. ",Local CCP ,3.5,Near Bonus
H8330 ,TUFTS ASSOCIATED HEALTH MAINTENANCE ORGANIZATION ,Local CCP ,4.5,Bonus Eligible
H8332 ,"AETNA BETTER HEALTH OF KANSAS, INC. ",Local CCP ,3.0,Below Threshold
H8379 ,"PRIORITY HEALTH CHOICE, INC. ",Local CCP ,4.5,Bonus Eligible
H8385 ,SANFORD HEALTH PLAN ,Local CCP ,4.5,Bonus Eligible
H8432 ,"EMPIRE HEALTHCHOICE HMO, INC. ",Local CCP ,3.0,Below Threshold
H8552 ,ANTHEM BLUE CROSS LIFE AND HEALTH INS COMPANY ,Local CCP ,2.5,Below Threshold
H8553 ,"WELLCARE HEALTH INSURANCE OF THE SOUTHWEST, INC. ",Local CCP ,2.5,Below Threshold
H8554 ,GHS INSURANCE COMPANY ,Local CCP ,3.5,Near Bonus
H8578 ,"HEALTH NEW ENGLAND, INC. ",Local CCP ,3.5,Near Bonus
H8597 ,AETNA BETTER HEALTH OF TEXAS INC. ,Local CCP ,4.0,Bonus Eligible
H8604 ,THP INSURANCE COMPANY ,Local CCP ,4.0,Bonus Eligible
H8634 ,HEALTH CARE SERVICE CORPORATION ,Local CCP ,3.0,Below Threshold
H8649 ,AETNA HEALTH OF UTAH INC ,Local CCP ,3.5,Near Bonus
H8711 ,WELLCARE HEALTH INSURANCE COMPANY OF NEW JERSEY ,Local CCP ,3.0,Below Threshold
H8764 ,ASPIRE HEALTH PLAN ,Local CCP ,3.5,Near Bonus
H8768 ,CARE IMPROVEMENT PLUS SOUTH CENTRAL INSURANCE CO. ,Local CCP ,4.0,Bonus Eligible
H8783 ,"UCARE HEALTH, INC. ",Local CCP ,4.5,Bonus Eligible
H8849 ,AMERIGROUP INSURANCE COMPANY ,Local CCP ,3.0,Below Threshold
H8854 ,"CareFirst Advantage DSNP, Inc. ",Local CCP ,3.5,Near Bonus
H8889 ,MEDICA HEALTH PLANS ,Local CCP ,4.0,Bonus Eligible
H8908 ,"HUMANA MEDICAL PLAN OF MICHIGAN, INC. ",Local CCP ,3.5,Near Bonus
H8928 ,FALLON COMMUNITY HEALTH PLAN ,Local CCP ,4.0,Bonus Eligible
H9001 ,FALLON COMMUNITY HEALTH PLAN ,Local CCP ,4.5,Bonus Eligible
H9003 ,KAISER FOUNDATION HP OF THE N W ,Local CCP ,3.5,Near Bonus
H9047 ,PROVIDENCE HEALTH ASSURANCE ,Local CCP ,3.5,Near Bonus
H9065 ,"AMH HEALTH, LLC ",Local CCP ,3.5,Near Bonus
H9147 ,BLUE CROSS AND BLUE SHIELD OF NC SENIOR HEALTH ,Local CCP ,2.5,Below Threshold
H9153 ,"WEST VIRGINIA SENIOR ADVANTAGE, INC. ",Local CCP ,5.0,Bonus Eligible
H9191 ,"PROVIDER PARTNERS HEALTH PLAN OF MISSOURI, INC. ",Local CCP ,3.5,Near Bonus
H9207 ,"HEALTH PARTNERS PLANS, INC. ",Local CCP ,3.5,Near Bonus
H9219 ,"AMH HEALTH PLANS OF MAINE, INC. ",Local CCP ,3.5,Near Bonus
H9306 ,"ALTERWOOD ADVANTAGE, INC. ",Local CCP ,2.5,Below Threshold
H9335 ,"WELLCARE HEALTH PLANS OF MISSOURI, INC. ",Local CCP ,3.0,Below Threshold
H9357 ,CENTENE VENTURE INSURANCE COMPANY TEXAS ,Local CCP ,2.5,Below Threshold
H9364 ,"WELLCARE OF MAINE, INC. ",Local CCP ,3.5,Near Bonus
H9387 ,"SUNFLOWER STATE HEALTH PLAN, INC. ",Local CCP ,2.5,Below Threshold
H9428 ,"WELLCARE HEALTH INSURANCE OF TENNESSEE, INC. ",Local CCP ,2.5,Below Threshold
H9431 ,FIRST HEALTH LIFE & HEALTH INSURANCE COMPANY ,Local CCP ,3.0,Below Threshold
H9460 ,"CIGNA HEALTHCARE OF ST LOUIS, INC. ",Local CCP ,3.5,Near Bonus
H9525 ,COMPCARE HEALTH SERVICES INSURANCE CORPORATION ,Local CCP ,4.0,Bonus Eligible
H9572 ,BCBS OF MICHIGAN MUTUAL INSURANCE COMPANY ,Local CCP ,4.0,Bonus Eligible
H9585 ,"BOSTON MEDICAL CENTER HEALTH PLAN, INC. ",Local CCP ,4.0,Bonus Eligible
H9615 ,"MVP HEALTH PLAN, INC. ",Local CCP ,3.5,Near Bonus
H9630 ,"ARKANSAS HEALTH AND WELLNESS HEALTH PLAN, INC ",Local CCP ,3.5,Near Bonus
H9686 ,"ALIGNMENT HEALTH PLAN OF NEVADA, INC. ",Local CCP ,3.5,Near Bonus
H9699 ,"HMO PARTNERS, INC. ",Local CCP ,4.0,Bonus Eligible
H9706 ,HCSC INSURANCE SERVICES COMPANY ,Local CCP ,3.0,Below Threshold
H9725 ,"CIGNA HEALTHCARE OF NORTH CAROLINA, INC. ",Local CCP ,4.5,Bonus Eligible
H9730 ,"WELLCARE HEALTH INSURANCE COMPANY OF KENTUCKY, INC ",Local CCP ,3.5,Near Bonus
H9761 ,"WELLCARE HEALTH PLANS OF MASSACHUSETTS, INC. ",Local CCP ,2.5,Below Threshold
H9763 ,"OCHSNER HEALTH PLAN, INC. ",Local CCP ,4.0,Bonus Eligible
H9808 ,CARE N' CARE INSURANCE COMPANY OF NORTH CAROLINA ,Local CCP ,4.0,Bonus Eligible
H9811 ,"MAGNOLIA HEALTH PLAN, INC. ",Local CCP ,3.0,Below Threshold
H9834 ,QUARTZ HEALTH PLAN MN CORPORATION ,Local CCP ,5.0,Bonus Eligible
H9900 ,"WELLCARE OF OKLAHOMA, INC. ",Local CCP ,2.0,Below Threshold
H9942 ,LONGEVITY HEALTH PLAN OF NEW JERSEY INSURANCE COMP ,Local CCP ,3.5,Near Bonus
H9952 ,MEDICA HEALTH PLANS ,Local CCP ,3.5,Near Bonus
H9955 ,"MOLINA HEALTHCARE OF OHIO, INC. ",Local CCP ,3.0,Below Threshold
H9976 ,"WESTERN SKY COMMUNITY CARE, INC. ",Local CCP ,2.0,Below Threshold
R0110 ,HUMANA INSURANCE COMPANY ,Regional CCP ,4.5,Bonus Eligible
R0759 ,CARE IMPROVEMENT PLUS SOUTH CENTRAL INSURANCE CO. ,Regional CCP ,4.0,Bonus Eligible
R0865 ,HUMANA INSURANCE COMPANY ,Regional CCP ,4.0,Bonus Eligible
R0923 ,HUMANA INSURANCE COMPANY ,Regional CCP ,4.0,Bonus Eligible
R1390 ,HUMANA INSURANCE COMPANY ,Regional CCP ,3.5,Near Bonus
R1532 ,HUMANA INSURANCE COMPANY ,Regional CCP ,3.0,Below Threshold
R2604 ,CARE IMPROVEMENT PLUS SOUTH CENTRAL INSURANCE CO. ,Regional CCP ,4.0,Bonus Eligible
R3175 ,UNITEDHEALTHCARE INSURANCE COMPANY ,Regional CCP ,3.0,Below Threshold
R3332 ,"BLUE CROSS AND BLUE SHIELD OF FLORIDA, INC. ",Regional CCP ,3.5,Near Bonus
R3392 ,HUMANA INSURANCE COMPANY ,Regional CCP ,4.0,Bonus Eligible
R3444 ,CARE IMPROVEMENT PLUS SOUTH CENTRAL INSURANCE CO. ,Regional CCP ,3.5,Near Bonus
R3887 ,HUMANA INSURANCE COMPANY ,Regional CCP ,4.0,Bonus Eligible
R4182 ,HUMANA INSURANCE COMPANY ,Regional CCP ,3.5,Near Bonus
R4487 ,"ANTHEM INSURANCE COMPANIES, INC. ",Regional CCP ,4.0,Bonus Eligible
R4845 ,HUMANA INSURANCE COMPANY ,Regional CCP ,3.0,Below Threshold
R5329 ,CARE IMPROVEMENT PLUS SOUTH CENTRAL INSURANCE CO. ,Regional CCP ,3.5,Near Bonus
R5342 ,CARE IMPROVEMENT PLUS SOUTH CENTRAL INSURANCE CO. ,Regional CCP ,3.5,Near Bonus
R5361 ,HUMANA INSURANCE COMPANY ,Regional CCP ,4.0,Bonus Eligible
R5495 ,HUMANA INSURANCE COMPANY ,Regional CCP ,4.0,Bonus Eligible
R5826 ,HUMANA INSURANCE COMPANY ,Regional CCP ,3.5,Near Bonus
R5941 ,"ANTHEM INSURANCE COMPANIES, INC. ",Regional CCP ,3.5,Near Bonus
R6694 ,AETNA LIFE INSURANCE COMPANY ,Regional CCP ,4.0,Bonus Eligible
R6801 ,CARE IMPROVEMENT PLUS SOUTH CENTRAL INSURANCE CO. ,Regional CCP ,3.5,Near Bonus
R7220 ,HUMANA INSURANCE COMPANY ,Regional CCP ,3.0,Below Threshold
R7315 ,HUMANA INSURANCE COMPANY ,Regional CCP ,3.5,Near Bonus
R7444 ,CARE IMPROVEMENT PLUS SOUTH CENTRAL INSURANCE CO. ,Regional CCP ,3.5,Near Bonus
